{"cameraMode":{"drawMode":0,"name":"Shaded","section":"Shading Mode"},"sceneLighting":false,"audioPlay":false,"sceneViewState":{"m_AlwaysRefresh":false,"showFog":false,"showSkybox":false,"showFlares":true,"showImageEffects":true,"showParticleSystems":true,"showVisualEffectGraphs":true,"m_FxEnabled":true},"in2DMode":false,"pivot":{"x":-1.324434757232666,"y":-0.1148122251033783,"z":1.6470816135406495},"rotation":{"x":-0.27354490756988528,"y":0.08183149993419647,"z":-0.023342467844486238,"w":-0.9581207633018494},"size":2.6566083431243898,"orthographic":false}