{"cameraMode":{"drawMode":0,"name":"Shaded","section":"Shading Mode"},"sceneLighting":true,"audioPlay":false,"sceneViewState":{"m_AlwaysRefresh":false,"showFog":false,"showSkybox":true,"showFlares":true,"showImageEffects":true,"showParticleSystems":true,"showVisualEffectGraphs":true,"m_FxEnabled":true},"in2DMode":false,"pivot":{"x":0.6068623065948486,"y":-0.7599913477897644,"z":-3.0429203510284426},"rotation":{"x":-0.10157406330108643,"y":-0.14835193753242494,"z":0.015296580269932747,"w":-0.9836128950119019},"size":5.892351150512695,"orthographic":false}